#名前,"性別(0=両,1=男,2=女)",レア度,スロット1,スロット2,スロット3,入手時期,初期防御力,最終防御力,火耐性,水耐性,雷耐性,氷耐性,龍耐性,スキル系統1,スキル値1,スキル系統2,スキル値2,スキル系統3,スキル値3,スキル系統4,スキル値4,スキル系統5,スキル値5,生産素材1,個数,生産素材2,個数,生産素材3,個数,生産素材4,個数,カスタム強化防御力,カスタム強化素材1,個数1,カスタム強化素材2,個数2,ワンセット防具,仮番号,傀異錬成初期コスト,傀異錬成最大防御＋,傀異錬成2スロ追加時最大防御＋
カムラノ装【手甲】覇,0,4,2,0,0,,30,50,2,0,0,0,0,見切り,2,火事場力,1,,,,,,,カブレライト鉱石,2,鉄鉱石,3,,,,,,,,,,,10,0,0,0
レザーＳグラブ,0,4,1,1,0,,30,50,0,0,0,0,0,地質学,1,特殊射撃強化,1,,,,,,,肉厚な上皮,2,鉄鉱石,3,,,,,,,,,,,20,0,0,0
チェーンＳグラブ,0,4,1,1,0,,32,52,0,0,1,0,0,植生学,1,防御,2,,,,,,,カブレライト鉱石,2,ドラグライト鉱石,1,,,,,,,,,,,30,0,0,0
ハンターＳアーム,0,4,2,0,0,,32,52,0,0,0,0,0,納刀術,1,,,,,,,,,ジャグラスの上鱗,2,カブレライト鉱石,1,,,,,,,,,,,40,0,0,0
アロイＳアーム,0,4,1,0,0,,32,52,-1,0,-1,-1,0,水属性攻撃強化,1,見切り,2,,,,,,,グラシスメタル,2,ドラグライト鉱石,3,マカライト鉱石,2,,,,,,,,,50,0,0,0
ボーンＳアーム,0,4,1,1,0,,32,52,0,0,0,-1,0,泥雪耐性,1,スタミナ奪取,1,,,,,,,上質な堅骨,1,上質な毛皮,2,鋭利な爪,1,,,,,,,,,60,0,0,0
スカルダＳマーノ,1,4,1,1,0,,32,52,3,-1,-1,-1,3,力の解放,1,毒耐性,1,,,,,,,毒クモリ,2,上質な腹袋,1,鋭利な牙,2,,,,,,,,,70,0,0,0
スパイオＳマーノ,2,4,1,1,0,,32,52,3,-1,-1,-1,3,力の解放,1,毒耐性,1,,,,,,,毒クモリ,2,上質な腹袋,1,鋭利な牙,2,,,,,,,,,80,0,0,0
ブナハＳグローブ,0,4,1,0,0,,34,54,-2,0,0,0,2,毒属性強化,2,回避性能,1,,,,,,,飛甲虫の堅殻,2,上質な腹袋,1,飛甲虫の羽,2,大地の結晶,3,,,,,,,90,0,0,0
イズチＳアーム,0,4,1,1,0,,36,56,2,-1,-2,0,0,体術,2,,,,,,,,,鎌鼬竜の上皮,3,鎌鼬竜の上刃尾,2,鋭利な爪,1,イズチの刃尾,1,,,,,,,100,0,0,0
バギィＳアーム,0,4,1,1,0,,36,56,-4,-1,-1,2,1,睡眠耐性,2,氷属性攻撃強化,1,,,,,,,眠狗竜の尖爪,3,昏睡袋,2,バギィの上鱗,2,,,,,,,,,110,0,0,0
クルルＳアーム,0,4,2,0,0,,38,58,0,-3,0,1,0,ＫＯ術,1,スタミナ奪取,2,,,,,,,掻鳥の上皮,3,掻鳥の大クチバシ,2,上竜骨,2,鳥竜玉,1,,,,,,,120,0,0,0
フロギィＳアーム,0,4,3,0,0,,38,58,2,-2,1,-4,0,装填拡張,1,,,,,,,,,毒狗竜の堅腕甲,4,猛毒袋,2,上竜骨,2,カブレライト鉱石,1,,,,,,,130,0,0,0
アシラＳアーム,0,4,1,0,0,,36,56,-2,0,-2,0,0,逆襲,1,防御,2,,,,,,,青熊獣の堅腕甲,1,青熊獣の堅殻,4,上質な堅骨,1,獣玉,1,,,,,,,140,0,0,0
ウルクＳアーム,0,4,2,1,0,,36,56,-3,1,0,3,0,見切り,2,氷属性攻撃強化,1,,,,,,,白兎獣の堅腹甲,3,白兎獣の凍爪,2,グラシスメタル,3,獣玉,1,,,,,,,150,0,0,0
アケノＳアーム,0,4,1,1,0,,38,58,3,-3,-1,0,0,フルチャージ,1,火属性攻撃強化,1,,,,,,,傘鳥の上鱗,4,爆炎袋,2,尖竜骨,1,,,,,,,,,160,0,0,0
フルフルＳアーム,0,4,1,1,0,,38,58,-4,1,4,2,1,壁面移動,1,回復速度,1,雷属性攻撃強化,2,,,,,怪しげな鋭牙,4,電撃袋,2,尖竜骨,2,カブレライト鉱石,1,,,,,,,170,0,0,0
ヨツミＳアーム,0,4,1,1,0,,40,60,-1,4,-2,1,0,火事場力,1,特殊射撃強化,1,,,,,,,河童蛙の上皮,3,大水袋,2,堅牢な骨,2,カブレライト鉱石,1,,,,,,,180,0,0,0
インゴットＳアーム,0,4,1,0,0,,40,58,-1,-1,1,0,0,雷属性攻撃強化,3,,,,,,,,,ユニオン鉱石,2,ドラグライト鉱石,3,グラシスメタル,2,フロギィの上鱗,2,,,,,,,190,0,0,0
エーデルＳラーマ,0,4,0,0,0,,40,58,-1,3,-1,0,0,捕獲名人,1,,,,,,,,,星見の麗花,2,大水袋,2,流水草,3,肉厚な上皮,1,,,,,,,200,0,0,0
リノプロＳアーム,0,4,2,1,0,,42,60,2,0,0,-2,0,砲術,2,,,,,,,,,草食竜の堅殻,3,草食竜の頭殻,1,鋭利な牙,2,尖竜骨,1,,,,,,,210,0,0,0
狗竜の革篭手Ｓ,0,4,1,1,0,,42,60,0,0,0,1,0,攻撃,2,,,,,,,,,ジャギィの上鱗,3,ジャギィの上皮,2,鋭利な牙,2,埋もれた竜骨骸,2,,,,,,,220,0,0,0
ラングロＳアーム,0,4,1,1,1,,50,68,2,-3,0,-1,1,回避距離ＵＰ,1,麻痺属性強化,1,,,,,,,赤甲獣の蛇腹甲,2,赤甲獣の堅殻,2,モンスターの濃汁,2,埋もれた竜骨骸,2,,,,,,,230,0,0,0
ルドロスＳアーム,0,4,2,1,1,,48,66,-3,4,-1,0,0,ランナー,1,,,,,,,,,水獣の上鱗,3,大水袋,2,水生獣の上皮,2,未熟な海綿質,2,,,,,,,240,0,0,0
ボロスＳアーム,0,4,1,1,0,,50,68,-3,-1,3,-1,0,攻撃,2,滑走強化,1,,,,,,,土砂竜の堅甲,4,土砂竜の鋭爪,1,尖竜骨,1,ユニオン鉱石,3,,,,,,,250,0,0,0
テンゴＳアーム,0,5,3,0,0,,52,70,-2,2,2,-4,2,アイテム使用強化,1,気絶耐性,1,,,,,,,天狗獣の上腕羽,3,天狗獣の尖爪,2,天狗獣の剛毛,1,いにしえの龍骨,1,,,,,,,260,0,0,0
プケプケＳアーム,0,5,2,0,0,,50,68,0,3,-3,0,1,弾丸節約,1,弾導強化,1,,,,,,,毒妖鳥の翼,1,毒妖鳥の上鱗,3,猛毒袋,2,フロギィの上鱗,2,,,,,,,270,0,0,0
ジュラアーム,0,5,3,2,1,,48,66,-1,2,-3,0,0,,,,,,,,,,,泥魚竜の上鱗,4,泥魚竜の堅殻,1,泥魚竜の鋭牙,2,竜玉,1,,,,,,,280,0,0,0
バサルＳアーム,0,5,1,1,0,,52,70,0,-2,1,1,-3,ガード性能,2,砥石使用高速化,1,,,,,,,岩竜の堅胸殻,4,岩竜の翼,2,ノヴァクリスタル,1,マカライト鉱石,3,,,,,,,290,0,0,0
レイアＳアーム,0,5,1,1,0,,52,70,3,0,-2,0,-3,属性やられ耐性,1,広域化,1,,,,,,,雌火竜の堅殻,4,爆炎袋,2,火竜の延髄,1,尖竜骨,2,,,,,,,300,0,0,0
ドーベルアーム,0,5,2,1,1,,52,60,-2,0,0,0,4,龍属性攻撃強化,1,強化持続,1,,,,,,,堅牢な骨,3,いにしえの龍骨,1,鎌鼬竜の上皮,2,ジャグラスの上鱗,2,,,,,,,310,0,0,0
アルブーロＳグローブ,0,5,1,1,0,,52,60,0,-2,1,-1,0,散弾・拡散矢強化,1,通常弾・連射矢強化,1,,,,,,,マクラサカガイ,1,河童蛙の上皮,3,咬魚の上ヒゲ,2,堅竜骨,2,,,,,,,320,0,0,0
メルホアＳラーマ,0,5,1,1,0,,52,60,0,1,3,0,0,麻痺耐性,1,植生学,1,体力回復量ＵＰ,1,,,,,ドスビスカス,1,雷光虫,2,飛甲虫の堅殻,2,ねじれた堅怪骨,2,,,,,,,330,0,0,0
デスギアＳファオスト,0,5,1,0,0,,52,60,3,1,1,-1,0,渾身,2,,,,,,,,,禍々しい闇布,1,翼蛇竜の頭,1,上質な堅骨,2,鋭利な爪,2,,,,,,,340,0,0,0
マギュルＳラーマ,0,5,2,1,1,,52,60,-3,1,0,3,0,爆破やられ耐性,1,ひるみ軽減,1,,,,,,,ワヲンパンプキン,1,忍耐の種,2,モンスターの濃汁,2,臣蜘蛛の絹糸,2,,,,,,,350,0,0,0
ヴァイクＳアーム,0,5,1,1,0,,52,60,0,3,-2,-1,0,通常弾・連射矢強化,2,,,,,,,,,ヨロイシダイ,1,カジキマグロ,1,未熟な海綿質,2,カブレライト鉱石,3,,,,,,,360,0,0,0
マカルパＳスリーブ,0,5,2,0,0,,52,60,1,2,-2,0,0,泡沫の舞,1,飛び込み,1,,,,,,,春夜鯉,1,カジキマグロ,1,鮫肌の鱗,2,カブレライト鉱石,3,,,,,,,370,0,0,0
ウツシ表【手甲】覇,1,5,3,0,0,,52,60,3,0,0,0,0,広域化,1,,,,,,,,,カムラチケット,2,迅竜の上黒毛,3,堅竜骨,1,ノヴァクリスタル,1,,,,,,,380,0,0,0
ウツシ裏【手甲】覇,1,5,2,0,0,,52,60,3,0,0,0,0,回避性能,1,翔蟲使い,1,,,,,,,カムラチケット,2,迅竜の鋭刃翼,2,堅竜骨,1,ノヴァクリスタル,1,,,,,,,390,0,0,0
依巫・祈【花袖】,2,5,3,0,0,,52,,3,0,0,0,0,広域化,1,,,,,,,,,カムラチケット,2,迅竜の上黒毛,3,堅竜骨,1,ノヴァクリスタル,1,,,,,,,400,0,0,0
神凪・願【花袖】,2,5,2,0,0,,52,,3,0,0,0,0,回避性能,1,翔蟲使い,1,,,,,,,カムラチケット,2,迅竜の鋭刃翼,2,堅竜骨,1,ノヴァクリスタル,1,,,,,,,410,0,0,0
ガブラスーツＳグラブ,0,5,2,0,0,,52,60,1,1,1,1,3,会心撃【属性】,1,風圧耐性,1,,,,,,,縞模様の皮,2,迅竜の上鱗,2,獄炎石,1,尖竜骨,2,,,,,,,420,0,0,0
イソネＳアーム,0,5,2,0,0,,58,66,-1,2,-3,0,1,ボマー,2,精霊の加護,1,,,,,,,人魚竜の上鱗,4,人魚竜の尖鉤爪,2,人魚竜の堅殻,1,眠狗竜の尖爪,2,,,,,,,430,0,0,0
ベリオＳアーム,0,5,2,0,0,,58,66,-3,0,-1,3,0,納刀術,1,渾身,1,見切り,1,,,,,氷牙竜の堅殻,4,氷牙竜の上毛皮,1,凍結袋,2,肉厚な上皮,3,,,,,,,440,0,0,0
カガチＳアーム,0,5,2,0,0,,58,66,0,-3,3,0,0,体術,3,,,,,,,,,飛雷竜の上鱗,4,飛雷竜の雷極針,2,電撃袋,1,堅竜骨,2,,,,,,,450,0,0,0
ジャナフＳアーム,0,6,1,0,0,,60,80,3,-3,-1,-1,0,ＫＯ術,2,攻撃,2,,,,,,,蛮顎竜の上鱗,3,蛮顎竜の鋭牙,2,爆炎袋,2,獄炎石,1,,,,,,,460,0,0,0
ナルガＳアーム,0,6,1,1,0,,60,80,-2,1,-3,1,1,回避性能,1,回避距離ＵＰ,1,,,,,,,迅竜の鋭牙,3,迅竜の上鱗,4,迅竜の鋭刃翼,1,鎌鼬竜の上刃尾,1,,,,,,,470,0,0,0
ミツネＳアーム,0,6,2,0,0,,60,80,0,2,-3,1,-1,死中に活,1,満足感,1,,,,,,,泡狐竜の上鱗,4,泡立つ上滑液,2,泡狐竜の尖爪,2,上質なヒレ,2,,,,,,,480,0,0,0
レウスＳアーム,0,6,2,0,0,,62,82,3,1,-2,1,-3,攻撃,2,,,,,,,,,火竜の上鱗,4,火竜の鋭翼爪,1,爆炎袋,3,溶岩獣の上鱗,2,,,,,,,490,0,0,0
ジンオウＳアーム,0,6,2,0,0,,62,82,0,-1,4,-4,1,力の解放,1,体術,1,,,,,,,雷狼竜の高電殻,3,雷狼竜の堅殻,2,雷狼竜の尖爪,2,雷光虫,3,,,,,,,500,0,0,0
ロワーガＳマーノ,1,6,3,0,0,,62,68,-2,0,3,-2,2,回避性能,1,,,,,,,,,オオクワアゲハ,2,埋もれた竜骨骸,3,雌火竜の上棘,1,妃蜘蛛の堅殻,1,,,,,,,510,0,0,0
ファルメルＳマーノ,2,6,0,0,1,,62,,-2,0,3,-2,2,回避性能,1,,,,,,,,,オオクワアゲハ,2,埋もれた竜骨骸,3,雌火竜の上棘,1,妃蜘蛛の堅殻,1,,,,,,,520,0,0,0
メデュレトＳグラブ,0,6,1,1,0,,62,68,1,3,0,2,0,精霊の加護,2,,,,,,,,,ゴスゴシックラゲ,1,海綿質の上皮,2,堅竜骨,1,カブレライト鉱石,4,,,,,,,530,0,0,0
禍鎧・覇【篭手】,0,6,2,0,0,,64,84,3,-3,-2,1,1,鬼火纏,1,匠,2,,,,,,,怨虎竜の妖腕刃,3,怨虎竜の上鱗,4,怨虎竜の妖刀殻,1,怨虎竜の紫玉,1,,,,,,,540,0,0,0
ゴシャＳアーム,0,6,2,0,0,,64,84,-4,1,-1,4,0,抜刀術【技】,1,抜刀術【力】,1,,,,,,,雪鬼獣の上皮,4,雪鬼獣の堅腕甲,2,堅牢な巨骨,2,白兎獣の堅腹甲,1,,,,,,,550,0,0,0
オロミドＳアーム,0,6,1,1,0,,64,84,-4,3,3,-2,-2,高速変形,1,回避性能,2,,,,,,,泥翁竜の尖爪,2,泥翁竜の堅殻,3,黄金色の粘泥土,3,ノヴァクリスタル,1,,,,,,,560,0,0,0
レックスＳアーム,0,6,3,0,0,,64,84,2,0,-3,0,-2,鈍器使い,2,心眼,1,,,,,,,轟竜の堅殻,3,轟竜の尖爪,3,轟竜の上鱗,1,ユニオン鉱石,4,,,,,,,570,0,0,0
ディアブロＳアーム,0,6,2,1,0,,64,84,3,-1,-1,-3,-1,攻めの守勢,1,,,,,,,,,角竜の堅甲,4,角竜の堅殻,1,角竜の牙,2,堅竜骨,2,,,,,,,580,0,0,0
ヤツカダアーム,0,6,2,0,0,,66,86,4,-2,-1,-3,1,体術,2,スタミナ急速回復,1,,,,,,,妃蜘蛛の鋭爪,4,妃蜘蛛の堅殻,1,妃蜘蛛の絹糸,3,モンスターの濃汁,2,,,,,,,590,0,0,0
金色ノ篭手,0,7,3,1,0,,70,90,2,1,3,-5,2,火事場力,1,力の解放,1,,,,,,,金獅子の黒毛,2,金獅子の尖爪,2,堅牢な巨骨,3,竜玉,1,,,,,,,600,0,0,0
ダマスクアーム,0,7,2,1,0,,68,88,-1,2,-3,1,-1,耳栓,1,,,,,,,,,古龍の血,2,雪鬼獣の堅腕甲,2,怨虎竜の魂結晶,1,ユニオン鉱石,3,,,,,,,,0,0,0
クシャナハトゥー,0,7,1,0,0,,74,94,-1,2,-2,3,-3,鋼殻の恩恵,1,回復速度,1,挑戦者,2,,,,,鋼の上龍鱗,5,鋼龍の尖爪,3,古龍骨,3,ノヴァクリスタル,1,,,,,,,,0,0,0
ミヅハ【大袖】,0,7,1,0,0,,74,94,-5,1,0,3,-3,霞皮の恩恵,1,毒属性強化,1,回避性能,1,,,,,霞龍の上皮,5,霞龍の尻尾,2,古龍骨,3,毒妖鳥の大喉袋,2,,,,,,,,0,0,0
カイザーアーム,0,7,2,0,0,,74,94,4,-4,1,-1,-3,炎鱗の恩恵,1,見切り,1,超会心,1,,,,,獄炎の龍鱗,5,炎龍の塵粉,2,炎王龍の尻尾,1,炎龍の宝玉,1,,,,,,,,0,0,0
バゼルアーム,0,7,2,2,0,,72,92,3,1,-4,-2,-2,砲弾装填,1,ガード強化,1,,,,,,,爆鱗竜の堅殻,5,爆鱗竜の爆腺,2,爆鱗竜の翼,1,爆炎袋,2,,,,,,,610,0,0,0
しまきのかいな,0,7,0,0,0,,66,86,-1,0,0,0,-2,風紋の一致,1,体術,1,スタミナ急速回復,1,風雷合一,1,,,風神龍の上皮,4,風神龍の堅殻,1,風神龍の尖爪,2,火竜の翼膜,1,,,,,,,,0,0,0
なるかみのかいな,0,7,0,0,0,,76,96,2,1,4,-3,-4,雷紋の一致,1,ガード性能,1,破壊王,1,風雷合一,1,,,雷神龍の堅殻,4,雷神龍の触手,3,雷神龍の尖爪,1,電撃袋,3,,,,,,,620,0,0,0
赫耀ノアーム,0,7,2,0,0,,80,100,-2,-2,-2,-2,3,龍気活性,1,弱点特効,2,,,,,,,赫揺れる龍鱗,6,天彗龍の尖爪,2,天彗龍の背尖甲,2,炎龍の塵粉,2,,,,,,,,0,0,0
蒼世ノ侍【袖】,0,7,1,0,0,,72,92,2,2,0,0,2,体術,1,弱点特効,1,会心撃【属性】,2,,,,,,,,,,,,,,,,,,,,0,0,0
カムラノ装【手甲】継,0,8,1,0,0,,80,108,2,0,0,0,0,見切り,2,火事場力,1,精霊の加護,1,,,,,,,,,,,,,,,,,,,5000,20,40,12
レザーＸグラブ,0,8,4,1,0,,80,108,0,0,0,0,0,地質学,1,特殊射撃強化,1,,,,,,,,,,,,,,,,,,,,,5010,20,40,12
チェーンＸグラブ,0,8,4,1,0,,82,110,0,0,1,0,0,スタミナ急速回復,1,防御,2,,,,,,,,,,,,,,,,,,,,,5020,20,40,12
ハンターＸアーム,0,8,2,0,0,,82,110,0,0,0,0,0,納刀術,1,匠,1,装填拡張,1,,,,,,,,,,,,,,,,,,,5030,20,40,12
アロイＸアーム,0,8,2,1,0,,82,110,-1,0,-1,-1,0,水属性攻撃強化,1,見切り,2,,,,,,,,,,,,,,,,,,,,,5040,20,40,12
ボーンＸアーム,0,8,1,1,0,,82,110,0,0,0,-1,0,抜刀術【力】,2,スタミナ奪取,1,ランナー,1,,,,,,,,,,,,,,,,,,,5050,0,0,0
リノプロＸアーム,0,8,2,2,0,,90,118,2,0,0,-2,0,砲術,2,砲弾装填,1,特殊射撃強化,1,,,,,,,,,,,,,,,,,,,5060,0,0,0
ブナハＸグローブ,0,8,4,0,0,,84,112,-2,0,0,0,2,毒属性強化,2,回避性能,2,,,,,,,,,,,,,,,,,,,,,5080,0,0,0
タロスアーム,0,8,4,2,0,,86,114,-1,-1,-1,-1,4,龍属性攻撃強化,1,ブレ抑制,2,,,,,,,,,,,,,,,,,,,,,5090,0,0,0
ランゴアーム,0,8,3,0,0,,84,112,-2,1,1,1,2,麻痺属性強化,2,乗り名人,1,,,,,,,,,,,,,,,,,,,,,5100,0,0,0
狗竜の革篭手Ｘ,0,8,1,1,0,,90,118,0,0,0,1,0,攻撃,3,,,,,,,,,,,,,,,,,,,,,,,5110,0,0,0
ランポスアーム,0,8,3,1,0,,86,114,0,0,0,-2,0,攻撃,2,,,,,,,,,,,,,,,,,,,,,,,5130,0,0,0
イズチＸアーム,0,8,1,1,0,,86,114,2,-1,-2,0,0,体術,2,回避性能,1,,,,,,,,,,,,,,,,,,,,,5140,0,0,0
バギィＸアーム,0,8,4,1,0,,86,114,-4,-1,-1,2,1,睡眠耐性,2,睡眠属性強化,1,,,,,,,,,,,,,,,,,,,,,5150,0,0,0
クルルＸアーム,0,8,2,1,0,,86,114,0,-3,0,1,0,ＫＯ術,1,スタミナ奪取,2,納刀術,1,,,,,,,,,,,,,,,,,,,5160,0,0,0
フロギィＸアーム,0,8,4,0,0,,88,116,2,-2,1,-4,0,装填拡張,1,毒耐性,2,心眼,2,,,,,,,,,,,,,,,,,,,5170,0,0,0
アシラＸアーム,0,8,1,1,0,,86,114,-2,0,-2,0,0,逆襲,1,防御,1,逆恨み,2,,,,,,,,,,,,,,,,,,,5180,0,0,0
ウルクＸアーム,0,8,2,1,0,,86,114,-3,1,0,3,0,見切り,2,氷属性攻撃強化,3,,,,,,,,,,,,,,,,,,,,,5190,0,0,0
ラングロＸアーム,0,8,1,1,1,,94,122,2,-3,0,-1,1,回避距離ＵＰ,1,麻痺属性強化,1,耳栓,1,,,,,,,,,,,,,,,,,,,5200,20,40,12
アケノＸアーム,0,8,2,1,1,,88,116,3,-3,-1,0,0,フルチャージ,1,火属性攻撃強化,2,会心撃【属性】,1,,,,,,,,,,,,,,,,,,,5210,20,40,12
ルドロスＸアーム,0,8,2,2,1,,92,120,-3,4,-1,0,0,ランナー,1,強化持続,1,弾丸節約,1,,,,,,,,,,,,,,,,,,,5220,0,0,0
ボロスＸアーム,0,8,2,1,0,,94,122,-3,-1,3,-1,0,攻撃,2,滑走強化,1,攻めの守勢,1,散弾・拡散矢強化,1,,,,,,,,,,,,,,,,,5230,20,40,12
ザザミアーム,0,8,2,0,0,,94,122,-5,1,-3,-1,2,ガード性能,2,ガード強化,1,通常弾・連射矢強化,2,,,,,,,,,,,,,,,,,,,5240,0,0,0
ヨツミＸアーム,0,8,1,1,0,,90,118,-1,4,-2,1,0,火事場力,2,特殊射撃強化,2,腹減り耐性,1,,,,,,,,,,,,,,,,,,,5250,0,0,0
インゴットＸアーム,0,8,4,2,0,,94,114,-1,-1,1,0,0,雷属性攻撃強化,3,,,,,,,,,,,,,,,,,,,,,,,5260,18,32,8
スカルダＸマーノ,1,8,4,1,1,,98,118,3,-1,-1,-1,3,力の解放,1,毒耐性,1,,,,,,,,,,,,,,,,,,,,,5270,18,32,8
スパイオＸマーノ,2,8,4,1,1,,98,118,3,-1,-1,-1,3,力の解放,1,毒耐性,1,,,,,,,,,,,,,,,,,,,,,5280,18,32,8
エーデルＸラーマ,0,8,2,1,0,,96,116,-1,3,-1,0,0,捕獲名人,1,広域化,3,,,,,,,,,,,,,,,,,,,,,5300,18,32,8
アルブーロＸグローブ,0,8,1,1,0,,96,116,0,2,1,-1,0,散弾・拡散矢強化,2,通常弾・連射矢強化,1,,,,,,,,,,,,,,,,,,,,,5310,18,32,8
メルホアＸラーマ,0,8,4,2,0,,92,118,0,1,3,0,0,麻痺耐性,1,植生学,1,体力回復量ＵＰ,1,,,,,,,,,,,,,,,,,,,5320,18,32,8
ゴギョウノコテ,0,8,4,0,0,,100,120,0,0,0,0,3,精霊の加護,1,弾導強化,2,,,,,,,,,,,,,,,,,,,,,5330,18,32,8
軽装騎士【手甲】,0,8,2,1,0,,100,116,1,1,1,1,1,ガード強化,3,ひるみ軽減,2,,,,,,,,,,,,,,,,,,,,,5340,16,26,2
ユクモノコテ,0,8,1,1,1,,92,112,0,0,2,0,0,見切り,2,回避性能,2,,,,,,,,,,,,,,,,,,,,,5350,18,32,8
フルフルＸアーム,0,8,4,1,0,,96,116,-4,1,4,2,1,壁面移動,1,回復速度,1,雷属性攻撃強化,3,,,,,,,,,,,,,,,,,,,5370,18,32,8
テンゴＸアーム,0,8,4,0,0,,96,116,-2,2,2,-4,2,アイテム使用強化,1,気絶耐性,1,早食い,1,,,,,,,,,,,,,,,,,,,5380,18,32,8
テンゴＺアーム,0,8,2,1,0,,96,116,2,-4,-2,0,2,力の解放,3,納刀術,1,,,,,,,,,,,,,,,,,,,,,5390,18,32,8
プケプケＸアーム,0,8,3,0,0,,96,116,0,3,-3,0,1,弾丸節約,1,弾導強化,2,,,,,,,,,,,,,,,,,,,,,5400,18,32,8
ジュラＸアーム,0,8,3,2,1,,96,116,-1,2,-3,0,0,逆恨み,2,,,,,,,,,,,,,,,,,,,,,,,5410,18,32,8
バサルＸアーム,0,8,2,1,0,,100,120,0,-2,1,1,-3,ガード性能,3,砥石使用高速化,1,,,,,,,,,,,,,,,,,,,,,5420,18,32,8
イソネＸアーム,0,8,2,0,0,,96,116,-1,2,-3,0,1,ボマー,2,精霊の加護,1,弾丸節約,2,匠,1,,,,,,,,,,,,,,,,,5430,18,32,8
イソネＺアーム,0,8,4,1,0,,108,124,-3,1,-1,3,2,会心撃【属性】,1,達人芸,1,氷属性攻撃強化,1,,,,,,,,,,,,,,,,,,,5440,16,26,2
レイアＸアーム,0,8,2,1,0,,96,116,3,0,-2,0,-3,属性やられ耐性,1,広域化,2,満足感,1,,,,,,,,,,,,,,,,,,,5450,18,32,8
カガチＸアーム,0,8,3,0,0,,96,116,0,-3,3,0,0,体術,3,不屈,1,,,,,,,,,,,,,,,,,,,,,5460,18,32,8
ジャナフＸアーム,0,8,1,0,0,,98,118,3,-3,-1,-1,0,ＫＯ術,2,攻撃,2,挑戦者,1,,,,,,,,,,,,,,,,,,,5470,18,32,8
ドーベルＸアーム,0,8,3,1,1,,104,120,-2,0,0,0,4,龍属性攻撃強化,1,強化持続,2,反動軽減,2,,,,,,,,,,,,,,,,,,,5490,16,26,2
ヴァイクＸアーム,0,8,2,1,0,,100,116,0,3,-2,-1,0,通常弾・連射矢強化,2,腹減り耐性,1,業物,2,,,,,,,,,,,,,,,,,,,5500,16,26,2
マギュルＸラーマ,0,8,4,1,1,,100,116,-3,1,0,3,0,爆破やられ耐性,1,ひるみ軽減,2,会心撃【属性】,1,,,,,,,,,,,,,,,,,,,5510,16,26,2
デスギアＸファオスト,0,8,2,0,0,,110,126,3,1,1,-1,0,渾身,2,攻撃,1,,,,,,,,,,,,,,,,,,,,,5520,16,26,2
マカルパＸスリーブ,0,8,2,2,0,,104,120,1,2,-2,0,0,泡沫の舞,1,飛び込み,1,死中に活,1,,,,,,,,,,,,,,,,,,,5530,16,26,2
ロワーガＸマーノ,1,8,3,0,0,,110,126,-2,0,3,-2,2,回避性能,2,見切り,1,,,,,,,,,,,,,,,,,,,,,5540,16,26,2
ファルメルＸマーノ,2,8,3,0,0,,110,126,-2,0,3,-2,2,回避性能,2,見切り,1,,,,,,,,,,,,,,,,,,,,,5550,16,26,2
砲術隊【篭手】,0,8,1,0,0,,106,122,1,1,1,1,1,装填拡張,1,装填速度,1,砲術,2,,,,,,,,,,,,,,,,,,,5560,16,26,2
ギルドバードアーム,1,8,2,1,0,,104,120,0,0,0,0,0,回避性能,1,キノコ大好き,1,幸運,1,,,,,,,,,,,,,,,,,,,5570,16,26,2
スカラーグラブ,2,8,2,1,0,,104,120,0,0,0,0,0,回避性能,1,キノコ大好き,1,幸運,1,,,,,,,,,,,,,,,,,,,5580,16,26,2
ガーディアンアーム,0,8,2,2,1,,108,124,2,0,0,2,3,ガード性能,1,砥石使用高速化,1,耳栓,1,,,,,,,,,,,,,,,,,,,5590,16,26,2
ブリゲイドＸアーム,0,8,3,3,0,,106,122,1,0,2,0,2,地質学,2,供応,1,精霊の加護,1,,,,,,,,,,,,,,,,,,,5600,16,26,2
ベリオＸアーム,0,8,2,1,0,,108,124,-5,0,-1,3,0,納刀術,1,渾身,1,見切り,2,,,,,,,,,,,,,,,,,,,5610,16,26,2
禍鎧・真【篭手】,0,8,2,0,0,,110,126,3,-3,-2,1,1,鬼火纏,1,匠,2,装填拡張,2,,,,,,,,,,,,,,,,,,,5620,16,26,2
ナルガＸアーム,0,8,2,1,0,,108,124,-2,1,-3,1,1,回避性能,1,回避距離ＵＰ,1,体術,2,,,,,,,,,,,,,,,,,,,5630,16,26,2
ゴシャＸアーム,0,8,4,0,0,,106,122,-4,1,-1,4,0,抜刀術【技】,1,抜刀術【力】,1,納刀術,1,,,,,,,,,,,,,,,,,,,5640,16,26,2
ゴルムアーム,0,8,2,2,1,,112,128,-1,3,-2,0,2,チャージマスター,1,集中,2,,,,,,,,,,,,,,,,,,,,,5650,16,26,2
ギザミアーム,0,8,2,0,0,,108,124,-3,1,-4,-1,2,研磨術【鋭】,1,フルチャージ,1,見切り,2,貫通弾・貫通矢強化,1,,,,,,,,,,,,,,,,,5660,16,26,2
オロミドＸアーム,0,8,4,1,0,,108,124,-4,3,3,-2,-2,高速変形,1,回避性能,2,,,,,,,,,,,,,,,,,,,,,5670,16,26,2
ヤツカダＸアーム,0,8,4,0,0,,108,124,4,-2,-1,-3,0,体術,2,スタミナ急速回復,1,,,,,,,,,,,,,,,,,,,,,5680,16,26,2
オロミドＺアーム,0,9,3,0,0,,112,128,5,-5,0,-4,0,逆恨み,1,ガード強化,2,火事場力,1,,,,,,,,,,,,,,,,,,,5690,14,20,1
ヤツカダＺアーム,0,9,4,0,0,,112,128,2,-4,2,-2,2,渾身,1,高速変形,2,爆破やられ耐性,1,チューンアップ,1,,,,,,,,,,,,,,,,,5700,14,20,1
ウツシ表【手甲】真,1,9,4,0,0,,110,126,3,0,0,0,0,広域化,2,体力回復量ＵＰ,1,,,,,,,,,,,,,,,,,,,,,5710,14,20,1
神凪・洸【花袖】,2,9,2,0,0,,110,126,3,0,0,0,0,回避性能,1,翔蟲使い,1,攻撃,2,,,,,,,,,,,,,,,,,,,5720,14,20,1
ウツシ裏【手甲】真,1,9,2,0,0,,110,126,3,0,0,0,0,回避性能,1,翔蟲使い,1,攻撃,2,,,,,,,,,,,,,,,,,,,5730,14,20,1
依巫・燿【花袖】,2,9,4,0,0,,110,126,3,0,0,0,0,広域化,2,体力回復量ＵＰ,1,,,,,,,,,,,,,,,,,,,,,5740,14,20,1
ガブラスーツＸグラブ,0,9,4,1,1,,112,128,1,1,1,1,3,会心撃【属性】,1,風圧耐性,2,,,,,,,,,,,,,,,,,,,,,5770,0,0,0
ミツネＸアーム,0,9,4,1,1,,114,130,0,2,-3,1,-1,死中に活,1,満足感,2,,,,,,,,,,,,,,,,,,,,,5780,14,20,1
レウスＸアーム,0,9,2,0,0,,114,130,3,1,-2,1,-3,攻撃,2,耳栓,2,,,,,,,,,,,,,,,,,,,,,5790,14,20,1
ジンオウＸアーム,0,9,2,0,0,,116,132,0,-1,4,-4,1,力の解放,1,体術,2,会心撃【属性】,1,,,,,,,,,,,,,,,,,,,5800,14,20,1
レックスＸアーム,0,9,4,0,0,,118,134,2,0,-3,0,-2,心眼,1,フルチャージ,1,気絶耐性,3,通常弾・連射矢強化,1,,,,,,,,,,,,,,,,,5810,14,20,1
ディアブロＸアーム,0,9,2,1,0,,118,134,3,-1,-1,-3,-1,攻めの守勢,2,スタミナ急速回復,1,貫通弾・貫通矢強化,2,,,,,,,,,,,,,,,,,,,5820,14,20,1
ゴアアーム,0,9,4,0,0,,112,128,-2,3,-1,2,-1,災禍転福,1,早食い,2,,,,,,,,,,,,,,,,,,,,,5830,14,20,1
レギオスアーム,0,9,0,0,0,,114,130,4,0,-3,-2,0,匠,3,,,,,,,,,,,,,,,,,,,,,,,5840,14,20,1
ゼクスアーム,0,9,4,1,0,,114,130,0,-1,4,-3,0,連撃,1,スタミナ急速回復,1,気絶耐性,1,,,,,,,,,,,,,,,,,,,5850,14,20,1
ルナガロアーム,0,9,2,1,0,,114,130,-4,2,-1,4,-1,挑戦者,3,翔蟲使い,1,,,,,,,,,,,,,,,,,,,,,5860,14,20,1
エスピナフォアスト,0,9,4,0,0,,116,132,3,-1,2,-3,-2,攻勢,1,剛刃研磨,2,速射強化,1,,,,,,,,,,,,,,,,,,,5870,14,20,1
重装騎士【手甲】,0,9,2,0,0,,114,130,1,1,1,1,1,ガード性能,2,ガード強化,1,業物,1,,,,,,,,,,,,,,,,,,,5880,14,20,1
ホークグラブ,1,9,2,0,0,,110,126,0,0,0,0,0,早食い,1,納刀術,2,弱点特効,1,,,,,,,,,,,,,,,,,,,5890,14,20,1
エコールグラブ,2,9,2,0,0,,110,126,0,0,0,0,0,早食い,1,納刀術,2,弱点特効,1,,,,,,,,,,,,,,,,,,,5900,14,20,1
ディグニグローブ,0,9,3,0,0,,112,128,1,1,1,1,1,高速変形,1,回避性能,2,業物,1,,,,,,,,,,,,,,,,,,,5910,14,20,1
バルバニアグラブ,0,9,2,1,1,,110,126,1,1,1,1,1,弱点特効,1,破壊王,1,幸運,1,,,,,,,,,,,,,,,,,,,5920,14,20,1
グローシアアーム,0,9,1,1,1,,112,128,0,0,0,3,0,回復速度,3,力の解放,2,攻撃,1,,,,,,,,,,,,,,,,,,,5930,14,20,1
斉天ノ篭手・真,0,9,4,1,0,,116,130,2,1,3,-5,2,火事場力,1,力の解放,2,,,,,,,,,,,,,,,,,,,,,5940,12,16,0
バゼルＸアーム,0,9,2,2,0,,118,132,3,1,-4,-2,-2,ガード強化,1,ガード性能,1,挑戦者,2,,,,,,,,,,,,,,,,,,,5950,12,16,0
ダマスクＸアーム,0,9,2,1,0,,114,128,-1,2,-3,1,-1,耳栓,2,属性やられ耐性,1,,,,,,,,,,,,,,,,,,,,,5960,12,16,0
クシャナＸハトゥー,0,9,1,0,0,,120,134,-1,2,-2,3,-3,鋼殻の恩恵,2,挑戦者,2,,,,,,,,,,,,,,,,,,,,,5970,12,16,0
ミヅハ真【大袖】,0,9,2,2,0,,120,134,-5,1,0,3,-3,霞皮の恩恵,1,毒属性強化,2,回避性能,2,,,,,,,,,,,,,,,,,,,5980,12,16,0
カイザーＸアーム,0,9,3,0,0,,120,134,4,-4,1,-1,-3,炎鱗の恩恵,1,見切り,1,超会心,1,,,,,,,,,,,,,,,,,,,5990,12,16,0
アークアーム,1,9,4,0,0,,120,134,-2,2,-1,2,-4,会心撃【属性】,2,死中に活,1,,,,,,,,,,,,,,,,,,,,,6000,12,16,0
フィリアアーム,2,9,4,0,0,,120,134,-2,2,-1,2,-4,会心撃【属性】,2,死中に活,1,,,,,,,,,,,,,,,,,,,,,6010,12,16,0
メルゼアーム,0,9,4,0,0,,120,134,-2,2,2,-1,-5,翔蟲使い,1,攻撃,2,属性やられ耐性,1,,,,,,,,,,,,,,,,,,,6020,12,16,0
プロフミトン,1,9,2,2,1,,114,128,1,1,1,1,1,精霊の加護,3,腹減り耐性,1,,,,,,,,,,,,,,,,,,,,,6030,12,16,0
シャリテグローブ,2,9,2,2,1,,114,128,1,1,1,1,1,精霊の加護,3,腹減り耐性,1,,,,,,,,,,,,,,,,,,,,,6040,12,16,0
サージュアーム,0,9,2,2,1,,114,128,0,0,0,0,0,体力回復量ＵＰ,3,満足感,1,,,,,,,,,,,,,,,,,,,,,6050,12,16,0
シーカーグラブ,0,9,1,1,1,,114,128,2,2,2,2,2,早食い,3,キノコ大好き,1,,,,,,,,,,,,,,,,,,,,,6060,12,16,0
メデュレトＸグラブ,0,9,3,1,0,,114,128,1,3,0,2,0,精霊の加護,2,集中,1,ＫＯ術,1,,,,,,,,,,,,,,,,,,,6070,12,16,0
セイラーグラブ,0,9,3,0,0,,114,128,0,0,0,0,0,集中,3,翔蟲使い,1,,,,,,,,,,,,,,,,,,,,,6080,12,16,0
ギルドパレスアーム,0,9,4,0,0,,120,130,1,2,2,1,1,挑戦者,2,災禍転福,1,壁面移動【翔】,1,,,,,,,,,,,,,,,,,,,6090,10,12,-6
冥淵纏鎧イレエピヌ,0,10,4,0,0,,126,138,0,3,-2,3,-5,伏魔響命,2,逆恨み,1,,,,,,,,,,,,,,,,,,,,,6100,10,12,-6
しまきのかいな真,0,10,2,0,0,,122,134,-1,0,0,0,-2,風紋の一致,1,体術,1,スタミナ急速回復,1,風雷合一,1,,,,,,,,,,,,,,,,,6110,10,12,-6
なるかみのかいな真,0,10,2,0,0,,122,134,2,1,4,-3,-4,雷紋の一致,1,ガード性能,1,破壊王,1,風雷合一,1,,,,,,,,,,,,,,,,,6120,10,12,-6
赫耀ノアーム・真,0,10,4,0,0,,124,136,-2,-2,-2,-2,3,龍気活性,1,弱点特効,2,,,,,,,,,,,,,,,,,,,,,6130,10,12,-6
怒天ノ篭手,0,10,4,0,0,,122,134,2,1,3,-5,2,激昂,1,見切り,2,,,,,,,,,,,,,,,,,,,,,6140,10,12,-6
禍鎧・怨【篭手】,0,10,3,2,0,,124,136,3,-3,-2,1,1,業鎧【修羅】,1,逆襲,1,合気,1,,,,,,,,,,,,,,,,,,,6150,16,26,2
拠点司令【手甲】,0,10,4,1,0,,118,130,1,1,1,1,1,チャージマスター,2,納刀術,1,,,,,,,,,,,,,,,,,,,,,6160,10,12,-6
プライドアーム,0,10,3,1,0,,123,135,3,0,-2,-3,-1,根性,1,弱点特効,1,耳栓,1,,,,,,,,,,,,,,,,,,,6190,10,12,-6
ゴールドルナアーム,0,10,4,2,1,,120,132,3,-3,-4,-1,2,超会心,1,フルチャージ,1,連撃,1,,,,,,,,,,,,,,,,,,,6200,10,12,-6
シルバーソルアーム,0,10,4,1,1,,122,134,4,-4,-3,-2,3,弱点特効【属性】,1,会心撃【属性】,1,体術,2,,,,,,,,,,,,,,,,,,,6210,10,12,-6
月光【手甲】,0,10,2,2,0,,118,130,3,3,0,-5,-2,巧撃,2,回避性能,3,,,,,,,,,,,,,,,,,,,,,6220,10,12,-6
