#名前,"性別(0=両,1=男,2=女)",レア度,スロット1,スロット2,スロット3,入手時期,初期防御力,最終防御力,火耐性,水耐性,雷耐性,氷耐性,龍耐性,スキル系統1,スキル値1,スキル系統2,スキル値2,スキル系統3,スキル値3,スキル系統4,スキル値4,スキル系統5,スキル値5,生産素材1,個数,生産素材2,個数,生産素材3,個数,生産素材4,個数,カスタム強化防御力,カスタム強化素材1,個数1,カスタム強化素材2,個数2,ワンセット防具,仮番号,傀異錬成初期コスト,傀異錬成最大防御＋,傀異錬成2スロ追加時最大防御＋
カムラノ装【上衣】覇,0,4,1,0,0,,30,50,2,0,0,0,0,翔蟲使い,2,壁面移動,1,見切り,1,,,,,カブレライト鉱石,1,イズチの剛毛,1,,,,,,,,,,,10,0,0,0
レザーＳベスト,0,4,2,0,0,,30,50,0,0,0,0,0,植生学,1,,,,,,,,,ファンゴの上毛皮,2,大地の結晶,2,,,,,,,,,,,20,0,0,0
チェーンＳベスト,0,4,1,0,0,,32,52,0,0,1,0,0,防御,1,ひるみ軽減,2,,,,,,,カブレライト鉱石,2,大地の結晶,2,,,,,,,,,,,30,0,0,0
ハンターＳメイル,0,4,1,0,0,,32,52,0,0,0,0,0,攻撃,1,匠,1,,,,,,,翼蛇竜の上皮,2,ドラグライト鉱石,2,,,,,,,,,,,40,0,0,0
アロイＳメイル,0,4,2,0,0,,32,52,-1,0,-1,-1,0,砥石使用高速化,1,,,,,,,,,グラシスメタル,2,カブレライト鉱石,1,マカライト鉱石,2,,,,,,,,,50,0,0,0
ボーンＳメイル,0,4,1,0,0,,32,52,0,0,0,-1,0,スタミナ奪取,1,ランナー,1,,,,,,,ねじれた堅怪骨,2,ファンゴの上毛皮,2,鋭利な牙,1,,,,,,,,,60,0,0,0
スカルダＳペット,1,4,2,0,0,,32,52,3,-1,-1,-1,3,力の解放,1,,,,,,,,,毒クモリ,1,飛甲虫の堅殻,2,カブレライト鉱石,2,,,,,,,,,70,0,0,0
スパイオＳペット,2,4,2,0,0,,32,52,3,-1,-1,-1,3,力の解放,1,,,,,,,,,毒クモリ,1,飛甲虫の堅殻,2,カブレライト鉱石,2,,,,,,,,,80,0,0,0
ブナハＳスーツ,0,4,1,1,0,,34,54,-2,0,0,0,2,麻痺属性強化,1,回避性能,1,,,,,,,飛甲虫の堅殻,2,モンスターの濃汁,2,甲虫の大顎,1,ねじれた堅怪骨,1,,,,,,,90,0,0,0
イズチＳメイル,0,4,1,0,0,,36,56,2,-1,-2,0,0,見切り,2,回復速度,1,,,,,,,鎌鼬竜の上皮,3,鎌鼬竜の上毛,2,上竜骨,1,イズチの刃尾,1,,,,,,,100,0,0,0
バギィＳメイル,0,4,1,0,0,,36,56,-4,-1,-1,2,1,攻撃,1,氷属性攻撃強化,1,,,,,,,眠狗竜の上皮,4,王者のトサカ,1,バギィの上鱗,1,グラシスメタル,1,,,,,,,110,0,0,0
クルルＳメイル,0,4,2,0,0,,38,58,0,-3,0,1,0,ＫＯ術,2,笛吹き名人,1,,,,,,,掻鳥の上鱗,4,掻鳥の大クチバシ,1,掻鳥の大飾り羽,1,ドラグライト鉱石,2,,,,,,,120,0,0,0
フロギィＳメイル,0,4,1,0,0,,38,58,2,-2,1,-4,0,速射強化,1,毒属性強化,1,,,,,,,毒狗竜の上皮,3,猛毒袋,1,フロギィの上鱗,2,鳥竜玉,1,,,,,,,130,0,0,0
アシラＳメイル,0,4,2,0,0,,36,56,-2,0,-2,0,0,逆襲,1,,,,,,,,,青熊獣の堅殻,4,青熊獣の剛毛,1,堅牢な骨,2,ねじれた堅怪骨,1,,,,,,,140,0,0,0
ウルクＳメイル,0,4,1,1,0,,36,56,-3,1,0,3,0,滑走強化,1,体術,1,,,,,,,白兎獣の堅腹甲,3,白兎獣の凍爪,2,バギィの上鱗,1,,,,,,,,,150,0,0,0
アケノＳメイル,0,4,1,0,0,,38,58,3,-3,-1,0,0,納刀術,1,フルチャージ,1,,,,,,,傘鳥の上鱗,4,傘鳥の上羽鱗,1,尖竜骨,1,カブレライト鉱石,1,,,,,,,160,0,0,0
フルフルＳメイル,0,4,1,1,0,,38,58,-4,1,4,2,1,壁面移動,1,体力回復量ＵＰ,1,,,,,,,真珠色の柔皮,4,電撃袋,1,カブレライト鉱石,1,アルビノの中落ち,1,,,,,,,170,0,0,0
ヨツミＳメイル,0,4,1,0,0,,40,60,-1,4,-2,1,0,通常弾・連射矢強化,1,回避距離ＵＰ,1,,,,,,,河童蛙の苔堅甲,4,河童蛙の上皮,1,堅牢な骨,1,グラシスメタル,2,,,,,,,180,0,0,0
インゴットＳメイル,0,4,2,1,0,,40,58,-1,-1,1,0,0,風圧耐性,2,,,,,,,,,ユニオン鉱石,1,ドラグライト鉱石,3,ノヴァクリスタル,1,ケストドンの堅殻,2,,,,,,,190,0,0,0
混沌のカイ・覇,0,4,0,0,0,,40,58,2,-2,0,0,0,キノコ大好き,2,,,,,,,,,闇盛り茸,3,マンドラゴラ,2,鎌鼬竜の上皮,2,,,,,,,,,200,0,0,0
エーデルＳトロンコ,0,4,1,1,0,,40,58,-1,3,-1,0,0,体力回復量ＵＰ,2,,,,,,,,,星見の麗花,2,大水袋,1,流水草,2,垂皮竜の上皮,2,,,,,,,210,0,0,0
ズワロＳマント,0,4,2,1,0,,42,60,-2,2,0,-1,1,満足感,2,,,,,,,,,垂皮竜の上皮,3,ファンゴの上毛皮,2,上質な毛皮,2,,,,,,,,,220,0,0,0
リノプロＳメイル,0,4,2,1,0,,42,60,2,0,0,-2,0,砲術,1,気絶耐性,2,,,,,,,草食竜の堅殻,2,竜骨【中】,2,鋭利な爪,1,尖竜骨,1,,,,,,,230,0,0,0
ドロスＳメイル,0,4,2,1,0,,42,60,-2,4,-1,0,0,水属性攻撃強化,2,,,,,,,,,水生獣の上皮,3,未熟な海綿質,2,鋭利な爪,2,上質な毛皮,1,,,,,,,240,0,0,0
ラングロＳメイル,0,4,2,0,0,,50,68,2,-3,0,-1,1,高速変形,1,ジャンプ鉄人,1,,,,,,,赤甲獣の堅殻,3,赤甲獣の尖爪,2,カブレライト鉱石,2,上質な毛皮,2,,,,,,,250,0,0,0
ルドロスＳメイル,0,4,2,0,0,,48,66,-3,4,-1,0,0,スタミナ急速回復,2,,,,,,,,,海綿質の上皮,4,水獣の上鱗,1,水獣の鋭爪,2,鋭利な爪,1,,,,,,,260,0,0,0
ボロスＳメイル,0,4,2,0,0,,50,68,-3,-1,3,-1,0,攻撃,1,防御,2,,,,,,,土砂竜の堅殻,4,土砂竜の頭殻,1,豊沃なドロ,2,上質なヒレ,2,,,,,,,270,0,0,0
テンゴＳメイル,0,5,3,0,0,,52,70,-2,2,2,-4,2,広域化,1,,,,,,,,,天狗獣の剛毛,3,天狗獣の尖爪,1,天狗獣の堅頭襟,1,ファンゴの上毛皮,2,,,,,,,280,0,0,0
プケプケＳメイル,0,5,1,0,0,,50,68,0,3,-3,0,1,特殊射撃強化,1,体術,2,,,,,,,毒妖鳥の上鱗,5,毒妖鳥の尻尾,2,毒妖鳥の翼,1,尖竜骨,1,,,,,,,290,0,0,0
ジュラメイル,0,5,1,1,1,,48,66,-1,2,-3,0,0,強化持続,2,回避距離ＵＰ,1,,,,,,,泥魚竜の堅殻,4,泥魚竜の上鱗,1,泥魚竜の上ヒレ,2,咬魚の上皮,2,,,,,,,300,0,0,0
バサルＳメイル,0,5,1,1,0,,52,70,0,-2,1,1,-3,ガード性能,1,砲弾装填,1,,,,,,,岩竜の堅殻,4,岩竜の堅胸殻,1,爆炎袋,1,カブレライト鉱石,2,,,,,,,310,0,0,0
レイアＳメイル,0,5,3,1,1,,52,70,3,0,-2,0,-3,体力回復量ＵＰ,1,植生学,1,,,,,,,雌火竜の上鱗,4,雌火竜の堅殻,1,雌火竜の上棘,2,雌火竜の紅玉,1,,,,,,,320,0,0,0
ドーベルメイル,0,5,1,0,0,,52,60,-2,0,0,0,4,龍属性攻撃強化,1,集中,1,強化持続,1,火事場力,1,,,尖竜骨,3,埋もれた竜骨骸,2,眠狗竜の上皮,2,ファンゴの上毛皮,1,,,,,,,330,0,0,0
アルブーロＳベスト,0,5,1,1,0,,52,60,0,-2,1,-1,0,通常弾・連射矢強化,1,貫通弾・貫通矢強化,1,,,,,,,マクラサカガイ,1,人魚竜の上鱗,3,真珠色の柔皮,2,ノヴァクリスタル,1,,,,,,,340,0,0,0
メルホアＳトロンコ,0,5,1,1,0,,52,60,0,1,3,0,0,植生学,2,体力回復量ＵＰ,1,,,,,,,ドスビスカス,1,火薬草,3,上質な腹袋,2,ねじれた堅怪骨,2,,,,,,,350,0,0,0
デスギアＳムスケル,0,5,2,0,0,,52,60,3,1,1,-1,0,不屈,1,高速変形,1,,,,,,,禍々しい闇布,1,草食竜の頭殻,2,上質な堅骨,2,鋭利な爪,2,,,,,,,360,0,0,0
マギュルＳトロンコ,0,5,2,0,0,,52,60,-3,1,0,3,0,装填速度,2,,,,,,,,,ワヲンパンプキン,1,忍耐の種,2,バギィの上鱗,2,グラシスメタル,2,,,,,,,370,0,0,0
ヴァイクＳメイル,0,5,3,2,1,,52,60,0,3,-2,-1,0,,,,,,,,,,,ヨロイシダイ,1,カジキマグロ,1,上質なヒレ,2,ドラグライト鉱石,3,,,,,,,380,0,0,0
マカルパＳペプラム,0,5,1,0,0,,52,60,1,2,-2,0,0,水属性攻撃強化,3,,,,,,,,,春夜鯉,1,キレアジ,2,上質なヒレ,2,カブレライト鉱石,2,,,,,,,390,0,0,0
ウツシ表【上衣】覇,1,5,1,1,0,,52,60,3,0,0,0,0,広域化,1,幸運,1,,,,,,,カムラチケット,2,天狗獣の上腕羽,3,堅竜骨,2,獄炎石,1,,,,,,,400,0,0,0
ウツシ裏【上衣】覇,1,5,1,0,0,,52,60,3,0,0,0,0,業物,1,弾丸節約,1,回避性能,1,挑戦者,1,,,カムラチケット,2,天狗獣の尖爪,2,堅竜骨,2,獄炎石,1,,,,,,,410,0,0,0
依巫・祈【白衣】,2,5,1,1,0,,52,,3,0,0,0,0,広域化,1,幸運,1,,,,,,,カムラチケット,2,天狗獣の上腕羽,3,堅竜骨,2,獄炎石,1,,,,,,,420,0,0,0
神凪・願【白衣】,2,5,1,0,0,,52,,3,0,0,0,0,業物,1,弾丸節約,1,回避性能,1,挑戦者,1,,,カムラチケット,2,天狗獣の尖爪,2,堅竜骨,2,獄炎石,1,,,,,,,430,0,0,0
コトルＳメイル,0,5,2,0,0,,52,60,4,-2,0,-1,0,火属性攻撃強化,3,,,,,,,,,溶岩獣の上鱗,5,上質なヒレ,2,鋭利な爪,1,紅蓮石,4,,,,,,,440,0,0,0
ガブラスーツＳボディ,0,5,1,1,0,,52,60,1,1,1,1,3,超会心,1,,,,,,,,,翼蛇竜の上皮,3,毒妖鳥の上鱗,1,猛毒袋,2,堅竜骨,1,,,,,,,450,0,0,0
イソネＳメイル,0,5,1,1,0,,58,66,-1,2,-3,0,1,睡眠属性強化,1,アイテム使用強化,1,,,,,,,人魚竜の堅殻,4,人魚竜の微睡み粉,2,人魚竜の怒髪ヒレ,1,泥魚竜の上ヒレ,1,,,,,,,460,0,0,0
ベリオＳメイル,0,5,2,1,1,,58,66,-3,0,-1,3,0,納刀術,1,渾身,1,,,,,,,氷牙竜の上毛皮,4,氷牙竜の鋭爪,3,凍結袋,1,竜玉,1,,,,,,,470,0,0,0
カガチＳメイル,0,5,3,0,0,,58,66,0,-3,3,0,0,心眼,1,見切り,1,,,,,,,飛雷竜の上毛皮,4,飛雷竜の尖爪,2,飛雷竜の上鱗,1,電撃袋,2,,,,,,,480,0,0,0
ジャナフＳメイル,0,6,1,1,0,,60,80,3,-3,-1,-1,0,集中,2,ランナー,1,,,,,,,蛮顎竜の上毛皮,4,蛮顎竜の上鱗,1,蛮顎竜の大鼻骨,2,鋭利な爪,2,,,,,,,490,0,0,0
ナルガＳメイル,0,6,1,1,0,,60,80,-2,1,-3,1,1,回避性能,1,見切り,2,,,,,,,迅竜の上黒毛,4,迅竜の尾棘,1,迅竜の鋭刃翼,2,鋭利な爪,2,,,,,,,500,0,0,0
ミツネＳメイル,0,6,1,0,0,,60,80,0,2,-3,1,-1,泡沫の舞,1,死中に活,1,,,,,,,泡狐竜の紫上毛,4,泡立つ上滑液,2,泡狐竜の上錦ヒレ,2,泡狐竜の逆鱗,1,,,,,,,510,0,0,0
レウスＳメイル,0,6,1,0,0,,62,82,3,1,-2,1,-3,攻撃,1,破壊王,1,風圧耐性,1,,,,,火竜の堅殻,4,火竜の上鱗,1,火竜の尻尾,1,火竜の延髄,1,,,,,,,520,0,0,0
ジンオウＳメイル,0,6,1,0,0,,62,82,0,-1,4,-4,1,力の解放,1,弱点特効,1,,,,,,,雷狼竜の高電毛,3,雷狼竜の堅殻,3,雷狼竜の尖爪,1,雷狼竜の逆鱗,1,,,,,,,530,0,0,0
ロワーガＳペット,1,6,1,0,0,,62,68,-2,0,3,-2,2,会心撃【属性】,1,見切り,2,龍属性攻撃強化,1,,,,,オオクワアゲハ,1,上質な堅骨,2,火竜の堅殻,2,臣蜘蛛の絹糸,2,,,,,,,540,0,0,0
ファルメルＳペット,2,6,1,0,0,,62,,-2,0,3,-2,2,会心撃【属性】,1,見切り,2,龍属性攻撃強化,1,,,,,オオクワアゲハ,1,上質な堅骨,2,火竜の堅殻,2,臣蜘蛛の絹糸,2,,,,,,,550,0,0,0
メデュレトＳベスト,0,6,2,1,0,,62,68,1,3,0,2,0,爆破属性強化,2,,,,,,,,,ゴスゴシックラゲ,1,人魚竜の怒髪ヒレ,1,大水袋,2,グラシスメタル,4,,,,,,,560,0,0,0
ブリゲイドＳスーツ,0,6,1,0,0,,62,68,1,0,2,0,2,捕獲名人,1,地質学,1,,,,,,,狩猟王のコイン,3,ラージャンコイン,2,ベリオコイン,1,堅竜骨,3,,,,,,,570,0,0,0
禍鎧・覇【胸当て】,0,6,2,0,0,,64,84,3,-3,-2,1,1,鬼火纏,1,逆恨み,1,,,,,,,怨虎竜の堅殻,3,怨虎竜の妖刀殻,2,怨虎竜の魂結晶,2,堅竜骨,2,,,,,,,580,0,0,0
ゴシャＳメイル,0,6,2,1,0,,64,84,-4,1,-1,4,0,抜刀術【技】,1,逆恨み,1,,,,,,,雪鬼獣の剛毛,4,しゃっこい堅氷塊,1,凍結袋,2,雪鬼胆,1,,,,,,,590,0,0,0
オロミドＳメイル,0,6,1,0,0,,64,84,-4,3,3,-2,-2,業物,2,強化持続,1,,,,,,,泥翁竜の堅殻,4,黄金色の粘泥土,3,泥翁竜の尻尾,1,泥翁竜の黄玉,1,,,,,,,600,0,0,0
レックスＳメイル,0,6,1,1,0,,64,84,2,0,-3,0,-2,耳栓,2,鈍器使い,1,,,,,,,轟竜の上鱗,4,轟竜の鋭牙,3,轟竜の堅殻,1,獄炎石,2,,,,,,,610,0,0,0
ディアブロＳメイル,0,6,1,0,0,,64,84,3,-1,-1,-3,-1,ガード性能,2,攻めの守勢,1,,,,,,,上質なねじれた角,2,角竜の堅殻,4,角竜の延髄,1,ケストドンの堅殻,2,,,,,,,620,0,0,0
ヤツカダメイル,0,6,2,1,0,,66,86,4,-2,-1,-3,1,散弾・拡散矢強化,1,装填速度,1,,,,,,,妃蜘蛛の鋭爪,3,妃蜘蛛の絹糸,3,モンスターの濃汁,1,妃蜘蛛の鉤棘,1,,,,,,,630,0,0,0
金色ノ羽織,0,7,2,0,0,,70,90,2,1,3,-5,2,火事場力,1,渾身,1,力の解放,1,,,,,金獅子の鋭牙,3,金獅子の黒毛,2,金獅子の尻尾,2,天狗獣の上腕羽,2,,,,,,,640,0,0,0
ダマスクメイル,0,7,1,1,0,,68,88,-1,2,-3,1,-1,耐震,1,匠,1,,,,,,,古龍の血,2,妃蜘蛛の堅殻,2,人魚竜の怒髪ヒレ,1,ノヴァクリスタル,1,,,,,,,,0,0,0
クシャナディール,0,7,2,0,0,,74,94,-1,2,-2,3,-3,鋼殻の恩恵,1,回復速度,1,陽動,1,,,,,鋼龍の堅殻,5,鋼の上龍鱗,2,鋼龍の尻尾,2,琥珀色の鋭牙,2,,,,,,,,0,0,0
ミヅハ【胸当て】,0,7,1,0,0,,74,94,-5,1,0,3,-3,霞皮の恩恵,1,毒属性強化,1,心眼,1,弾導強化,1,,,霞龍の尖爪,4,霞龍の翼,3,古龍の血,2,霞龍の宝玉,1,,,,,,,,0,0,0
カイザーメイル,0,7,1,0,0,,74,94,4,-4,1,-1,-3,炎鱗の恩恵,1,見切り,1,達人芸,1,,,,,炎王龍の堅殻,5,炎王龍のたてがみ,2,炎龍の尖爪,1,蛮顎竜の大鼻骨,2,,,,,,,,0,0,0
バゼルメイル,0,7,1,1,0,,72,92,3,1,-4,-2,-2,ガード強化,2,挑戦者,1,,,,,,,爆鱗竜の上鱗,4,爆鱗竜の堅殻,1,爆鱗竜の尖爪,2,怨虎竜の上鱗,2,,,,,,,650,0,0,0
しまきのむなさき,0,7,0,0,0,,66,86,-1,0,0,0,-2,風紋の一致,1,ガード性能,1,ひるみ軽減,1,風雷合一,1,,,風神龍の風袋,2,風神龍の堅殻,3,風神龍の尖角,1,火竜の翼膜,2,,,,,,,,0,0,0
なるかみのむなさき,0,7,0,0,0,,76,96,2,1,4,-3,-4,雷紋の一致,1,体術,1,抜刀術【技】,1,風雷合一,1,,,雷神龍の雷袋,2,雷神龍の上皮,4,雷神龍の堅殻,1,雷狼竜の高電毛,2,,,,,,,660,0,0,0
赫耀ノメイル,0,7,3,1,0,,80,100,-2,-2,-2,-2,3,龍気活性,1,死中に活,2,,,,,,,天彗龍の背尖甲,2,赫揺れる龍鱗,6,赫赫の槍翼,2,怨虎竜の魂結晶,2,,,,,,,,0,0,0
蒼世ノ侍【羽織】,0,7,2,0,0,,72,92,2,2,0,0,2,体術,2,弱点特効,1,,,,,,,,,,,,,,,,,,,,,,0,0,0
カムラノ装【上衣】継,0,8,1,1,0,,80,108,2,0,0,0,0,翔蟲使い,2,壁面移動,1,見切り,1,,,,,,,,,,,,,,,,,,,5000,20,40,12
レザーＸベスト,0,8,4,0,0,,80,108,0,0,0,0,0,植生学,2,体力回復量ＵＰ,1,,,,,,,,,,,,,,,,,,,,,5010,20,40,12
チェーンＸベスト,0,8,4,0,0,,82,110,0,0,1,0,0,防御,1,ひるみ軽減,2,ガード性能,1,,,,,,,,,,,,,,,,,,,5020,20,40,12
ハンターＸメイル,0,8,1,0,0,,82,110,0,0,0,0,0,攻撃,1,匠,1,アイテム使用強化,1,,,,,,,,,,,,,,,,,,,5030,20,40,12
アロイＸメイル,0,8,3,0,0,,82,110,-1,0,-1,-1,0,砥石使用高速化,2,剛刃研磨,2,,,,,,,,,,,,,,,,,,,,,5040,20,40,12
ボーンＸメイル,0,8,3,0,0,,82,110,0,0,0,-1,0,スタミナ奪取,1,ランナー,2,,,,,,,,,,,,,,,,,,,,,5050,0,0,0
リノプロＸメイル,0,8,4,1,0,,90,118,2,0,0,-2,0,砲術,1,気絶耐性,2,,,,,,,,,,,,,,,,,,,,,5060,0,0,0
ドロスＸメイル,0,8,4,2,0,,90,118,-2,4,-1,0,0,水属性攻撃強化,2,,,,,,,,,,,,,,,,,,,,,,,5070,0,0,0
ブナハＸスーツ,0,8,3,1,0,,84,112,-2,0,0,0,2,麻痺属性強化,1,回避性能,2,,,,,,,,,,,,,,,,,,,,,5080,0,0,0
タロスメイル,0,8,4,0,0,,86,114,-1,-1,-1,-1,4,龍属性攻撃強化,2,体力回復量ＵＰ,1,,,,,,,,,,,,,,,,,,,,,5090,0,0,0
ランゴメイル,0,8,4,1,0,,84,112,-2,1,1,1,2,納刀術,1,麻痺耐性,2,,,,,,,,,,,,,,,,,,,,,5100,0,0,0
ランポスメイル,0,8,4,1,0,,86,114,0,0,0,-2,0,攻撃,1,風圧耐性,1,,,,,,,,,,,,,,,,,,,,,5130,0,0,0
イズチＸメイル,0,8,1,0,0,,86,114,2,-1,-2,0,0,見切り,2,回復速度,2,回避性能,1,,,,,,,,,,,,,,,,,,,5140,0,0,0
バギィＸメイル,0,8,4,0,0,,86,114,-4,-1,-1,2,1,攻撃,1,睡眠属性強化,1,,,,,,,,,,,,,,,,,,,,,5150,0,0,0
クルルＸメイル,0,8,2,1,0,,86,114,0,-3,0,1,0,ＫＯ術,2,納刀術,1,,,,,,,,,,,,,,,,,,,,,5160,0,0,0
フロギィＸメイル,0,8,4,0,0,,88,116,2,-2,1,-4,0,速射強化,1,毒属性強化,1,毒耐性,1,,,,,,,,,,,,,,,,,,,5170,0,0,0
アシラＸメイル,0,8,4,0,0,,86,114,-2,0,-2,0,0,逆襲,1,逆恨み,1,,,,,,,,,,,,,,,,,,,,,5180,0,0,0
ウルクＸメイル,0,8,1,1,0,,86,114,-3,1,0,3,0,滑走強化,1,体術,2,達人芸,1,装填速度,1,,,,,,,,,,,,,,,,,5190,0,0,0
ラングロＸメイル,0,8,2,0,0,,94,122,2,-3,0,-1,1,高速変形,1,ジャンプ鉄人,1,耳栓,1,,,,,,,,,,,,,,,,,,,5200,20,40,12
アケノＸメイル,0,8,1,1,0,,88,116,3,-3,-1,0,0,納刀術,1,フルチャージ,1,抜刀術【技】,1,,,,,,,,,,,,,,,,,,,5210,20,40,12
ルドロスＸメイル,0,8,4,0,0,,92,120,-3,4,-1,0,0,スタミナ急速回復,2,集中,1,,,,,,,,,,,,,,,,,,,,,5220,0,0,0
ボロスＸメイル,0,8,4,0,0,,94,122,-3,-1,3,-1,0,攻撃,2,防御,2,泥雪耐性,2,,,,,,,,,,,,,,,,,,,5230,20,40,12
ザザミメイル,0,8,1,0,0,,94,122,-5,1,-3,-1,2,ガード性能,3,砲弾装填,1,通常弾・連射矢強化,1,装填拡張,1,,,,,,,,,,,,,,,,,5240,0,0,0
ヨツミＸメイル,0,8,2,0,0,,90,118,-1,4,-2,1,0,通常弾・連射矢強化,1,回避距離ＵＰ,1,早食い,1,,,,,,,,,,,,,,,,,,,5250,0,0,0
インゴットＸメイル,0,8,3,1,0,,94,114,-1,-1,1,0,0,風圧耐性,2,見切り,2,,,,,,,,,,,,,,,,,,,,,5260,18,32,8
スカルダＸペット,1,8,3,0,0,,98,118,3,-1,-1,-1,3,力の解放,2,心眼,1,,,,,,,,,,,,,,,,,,,,,5270,18,32,8
スパイオＸペット,2,8,3,0,0,,98,118,3,-1,-1,-1,3,力の解放,2,心眼,1,,,,,,,,,,,,,,,,,,,,,5280,18,32,8
混沌のカイ・真,0,8,2,1,0,,98,118,2,-2,0,0,0,キノコ大好き,2,笛吹き名人,1,,,,,,,,,,,,,,,,,,,,,5290,18,32,8
エーデルＸトロンコ,0,8,3,1,0,,96,116,-1,3,-1,0,0,体力回復量ＵＰ,2,広域化,1,,,,,,,,,,,,,,,,,,,,,5300,18,32,8
アルブーロＸベスト,0,8,1,1,0,,96,116,0,2,1,-1,0,通常弾・連射矢強化,1,貫通弾・貫通矢強化,1,チューンアップ,1,,,,,,,,,,,,,,,,,,,5310,18,32,8
メルホアＸトロンコ,0,8,4,1,0,,92,118,0,1,3,0,0,植生学,2,体力回復量ＵＰ,1,精霊の加護,1,,,,,,,,,,,,,,,,,,,5320,18,32,8
ゴギョウノカリギヌ,0,8,4,0,0,,100,120,0,0,0,0,3,属性やられ耐性,1,心眼,2,,,,,,,,,,,,,,,,,,,,,5330,18,32,8
軽装騎士【胸当て】,0,8,1,1,0,,100,116,1,1,1,1,1,業物,1,ひるみ軽減,1,攻めの守勢,2,,,,,,,,,,,,,,,,,,,5340,16,26,2
ユクモノドウギ,0,8,1,0,0,,92,112,0,0,2,0,0,見切り,1,耳栓,2,,,,,,,,,,,,,,,,,,,,,5350,18,32,8
ズワロＸマント,0,8,4,1,0,,92,112,-2,2,0,-1,1,満足感,2,アイテム使用強化,2,,,,,,,,,,,,,,,,,,,,,5360,18,32,8
フルフルＸメイル,0,8,1,1,1,,96,116,-4,1,4,2,1,壁面移動,2,体力回復量ＵＰ,2,,,,,,,,,,,,,,,,,,,,,5370,18,32,8
テンゴＸメイル,0,8,4,0,0,,96,116,-2,2,2,-4,2,広域化,3,,,,,,,,,,,,,,,,,,,,,,,5380,18,32,8
テンゴＺメイル,0,8,4,1,1,,96,116,2,-4,-2,0,2,納刀術,1,火耐性,2,回復速度,3,,,,,,,,,,,,,,,,,,,5390,18,32,8
プケプケＸメイル,0,8,2,0,0,,96,116,0,3,-3,0,1,特殊射撃強化,1,体術,3,砥石使用高速化,2,,,,,,,,,,,,,,,,,,,5400,18,32,8
ジュラＸメイル,0,8,1,1,1,,96,116,-1,2,-3,0,0,強化持続,2,回避距離ＵＰ,1,逆恨み,1,チューンアップ,1,,,,,,,,,,,,,,,,,5410,18,32,8
バサルＸメイル,0,8,1,1,0,,100,120,0,-2,1,1,-3,ガード性能,2,砲弾装填,1,力の解放,1,,,,,,,,,,,,,,,,,,,5420,18,32,8
イソネＸメイル,0,8,3,1,1,,96,116,-1,2,-3,0,1,睡眠属性強化,1,装填拡張,1,,,,,,,,,,,,,,,,,,,,,5430,18,32,8
イソネＺメイル,0,8,4,0,0,,108,124,-3,1,-1,3,2,会心撃【属性】,1,挑戦者,2,,,,,,,,,,,,,,,,,,,,,5440,16,26,2
レイアＸメイル,0,8,4,1,1,,96,116,3,0,-2,0,-3,体力回復量ＵＰ,1,毒耐性,2,満足感,1,,,,,,,,,,,,,,,,,,,5450,18,32,8
カガチＸメイル,0,8,4,0,0,,96,116,0,-3,3,0,0,心眼,1,見切り,1,会心撃【属性】,1,,,,,,,,,,,,,,,,,,,5460,18,32,8
ジャナフＸメイル,0,8,1,1,0,,98,118,3,-3,-1,-1,0,集中,2,ランナー,1,挑戦者,1,,,,,,,,,,,,,,,,,,,5470,18,32,8
ドーベルＸメイル,0,8,1,0,0,,104,120,-2,0,0,0,4,龍属性攻撃強化,1,集中,1,強化持続,1,火事場力,2,,,,,,,,,,,,,,,,,5490,16,26,2
ヴァイクＸメイル,0,8,3,2,1,,100,116,0,3,-2,-1,0,腹減り耐性,1,,,,,,,,,,,,,,,,,,,,,,,5500,16,26,2
マギュルＸトロンコ,0,8,4,1,0,,100,116,-3,1,0,3,0,チューンアップ,1,ブレ抑制,1,,,,,,,,,,,,,,,,,,,,,5510,16,26,2
デスギアＸムスケル,0,8,2,0,0,,110,126,3,1,1,-1,0,不屈,1,高速変形,2,砥石使用高速化,1,,,,,,,,,,,,,,,,,,,5520,16,26,2
マカルパＸペプラム,0,8,2,1,0,,104,120,1,2,-2,0,0,水属性攻撃強化,3,早食い,1,スタミナ急速回復,1,,,,,,,,,,,,,,,,,,,5530,16,26,2
ロワーガＸペット,1,8,1,1,0,,110,126,-2,0,3,-2,2,会心撃【属性】,1,見切り,3,龍属性攻撃強化,1,,,,,,,,,,,,,,,,,,,5540,16,26,2
ファルメルＸペット,2,8,1,1,0,,110,126,-2,0,3,-2,2,会心撃【属性】,1,見切り,3,龍属性攻撃強化,1,,,,,,,,,,,,,,,,,,,5550,16,26,2
砲術隊【胴】,0,8,0,0,0,,106,122,1,1,1,1,1,弾導強化,3,反動軽減,1,回避距離ＵＰ,1,,,,,,,,,,,,,,,,,,,5560,16,26,2
ギルドバードスーツ,1,8,4,0,0,,104,120,0,0,0,0,0,回避性能,1,精霊の加護,1,幸運,1,,,,,,,,,,,,,,,,,,,5570,16,26,2
スカラースーツ,2,8,4,0,0,,104,120,0,0,0,0,0,回避性能,1,精霊の加護,1,幸運,1,,,,,,,,,,,,,,,,,,,5580,16,26,2
ガーディアンスーツ,0,8,4,1,0,,108,124,2,0,0,2,3,ガード性能,1,砥石使用高速化,1,属性やられ耐性,1,,,,,,,,,,,,,,,,,,,5590,16,26,2
ブリゲイドＸスーツ,0,8,3,2,0,,106,122,1,0,2,0,2,捕獲名人,1,地質学,1,ランナー,1,,,,,,,,,,,,,,,,,,,5600,16,26,2
ベリオＸメイル,0,8,2,2,1,,108,124,-5,0,-1,3,0,納刀術,1,渾身,2,,,,,,,,,,,,,,,,,,,,,5610,16,26,2
禍鎧・真【胸当て】,0,8,2,0,0,,110,126,3,-3,-2,1,1,鬼火纏,1,逆恨み,1,耳栓,1,,,,,,,,,,,,,,,,,,,5620,16,26,2
ナルガＸメイル,0,8,3,1,0,,108,124,-2,1,-3,1,1,回避性能,1,見切り,2,ひるみ軽減,1,,,,,,,,,,,,,,,,,,,5630,16,26,2
ゴシャＸメイル,0,8,2,1,0,,106,122,-4,1,-1,4,0,抜刀術【技】,1,逆恨み,3,,,,,,,,,,,,,,,,,,,,,5640,16,26,2
ゴルムメイル,0,8,4,1,1,,112,128,-1,3,-2,0,2,ひるみ軽減,3,耐震,2,,,,,,,,,,,,,,,,,,,,,5650,16,26,2
ギザミメイル,0,8,2,0,0,,108,124,-3,1,-4,-1,2,研磨術【鋭】,1,ランナー,2,見切り,1,,,,,,,,,,,,,,,,,,,5660,16,26,2
オロミドＸメイル,0,8,4,0,0,,108,124,-4,3,3,-2,-2,業物,2,強化持続,1,,,,,,,,,,,,,,,,,,,,,5670,16,26,2
ヤツカダＸメイル,0,8,3,1,0,,108,124,4,-2,-1,-3,0,散弾・拡散矢強化,1,装填速度,2,弾丸節約,1,,,,,,,,,,,,,,,,,,,5680,16,26,2
オロミドＺメイル,0,9,4,1,0,,112,128,5,-5,0,-4,0,死中に活,1,火事場力,2,,,,,,,,,,,,,,,,,,,,,5690,14,20,1
ヤツカダＺメイル,0,9,2,2,1,,112,128,2,-4,2,-2,2,渾身,1,翔蟲使い,2,,,,,,,,,,,,,,,,,,,,,5700,14,20,1
ウツシ表【上衣】真,1,9,2,1,0,,110,126,3,0,0,0,0,広域化,1,幸運,1,体力回復量ＵＰ,1,,,,,,,,,,,,,,,,,,,5710,14,20,1
神凪・洸【白衣】,2,9,1,0,0,,110,126,3,0,0,0,0,業物,1,弾丸節約,1,回避性能,3,挑戦者,1,,,,,,,,,,,,,,,,,5720,14,20,1
ウツシ裏【上衣】真,1,9,1,0,0,,110,126,3,0,0,0,0,業物,1,弾丸節約,1,回避性能,3,挑戦者,1,,,,,,,,,,,,,,,,,5730,14,20,1
依巫・燿【白衣】,2,9,2,1,0,,110,126,3,0,0,0,0,広域化,1,幸運,1,体力回復量ＵＰ,1,,,,,,,,,,,,,,,,,,,5740,14,20,1
コトルＸメイル,0,9,2,1,1,,112,128,4,-2,0,-1,0,ガード強化,2,特殊射撃強化,2,回避性能,1,,,,,,,,,,,,,,,,,,,5760,14,20,1
ガブラスーツＸボディ,0,9,3,1,1,,112,128,1,1,1,1,3,超会心,1,毒属性強化,2,,,,,,,,,,,,,,,,,,,,,5770,0,0,0
ミツネＸメイル,0,9,2,0,0,,114,130,0,2,-3,1,-1,泡沫の舞,1,死中に活,1,体術,2,,,,,,,,,,,,,,,,,,,5780,14,20,1
レウスＸメイル,0,9,3,0,0,,114,130,3,1,-2,1,-3,攻撃,1,破壊王,1,耳栓,1,,,,,,,,,,,,,,,,,,,5790,14,20,1
ジンオウＸメイル,0,9,1,1,1,,116,132,0,-1,4,-4,1,力の解放,1,弱点特効,2,雷属性攻撃強化,2,,,,,,,,,,,,,,,,,,,5800,14,20,1
レックスＸメイル,0,9,2,1,0,,118,134,2,0,-3,0,-2,耳栓,2,フルチャージ,1,,,,,,,,,,,,,,,,,,,,,5810,14,20,1
ディアブロＸメイル,0,9,3,0,0,,118,134,3,-1,-1,-3,-1,ガード性能,2,攻めの守勢,1,,,,,,,,,,,,,,,,,,,,,5820,14,20,1
ゴアメイル,0,9,2,1,0,,112,128,-2,3,-1,2,-1,災禍転福,1,体術,3,,,,,,,,,,,,,,,,,,,,,5830,14,20,1
レギオスメイル,0,9,3,0,0,,114,130,4,0,-3,-2,0,刃鱗磨き,1,回避性能,3,,,,,,,,,,,,,,,,,,,,,5840,14,20,1
ゼクスメイル,0,9,3,1,0,,114,130,0,-1,4,-3,0,連撃,1,スタミナ急速回復,2,,,,,,,,,,,,,,,,,,,,,5850,14,20,1
ルナガロメイル,0,9,4,0,0,,114,130,-4,2,-1,4,-1,挑戦者,2,合気,1,,,,,,,,,,,,,,,,,,,,,5860,14,20,1
エスピナムスケル,0,9,4,0,0,,116,132,3,-1,2,-3,-2,攻勢,1,破壊王,2,,,,,,,,,,,,,,,,,,,,,5870,14,20,1
重装騎士【鎧】,0,9,1,1,0,,114,130,1,1,1,1,1,ガード性能,1,砲術,2,攻めの守勢,1,,,,,,,,,,,,,,,,,,,5880,14,20,1
ホークスーツ,1,9,2,1,0,,110,126,0,0,0,0,0,体術,1,納刀術,1,幸運,1,,,,,,,,,,,,,,,,,,,5890,14,20,1
エコールスーツ,2,9,2,1,0,,110,126,0,0,0,0,0,体術,1,納刀術,1,幸運,1,,,,,,,,,,,,,,,,,,,5900,14,20,1
ディグニジャケット,0,9,2,1,0,,112,128,1,1,1,1,1,高速変形,1,回避性能,1,回避距離ＵＰ,2,,,,,,,,,,,,,,,,,,,5910,14,20,1
バルバニアベスト,0,9,2,2,1,,110,126,1,1,1,1,1,破壊王,1,逆襲,1,逆恨み,1,,,,,,,,,,,,,,,,,,,5920,14,20,1
グローシアメイル,0,9,4,1,0,,112,128,0,0,0,3,0,耐震,1,スタミナ奪取,1,攻撃,1,,,,,,,,,,,,,,,,,,,5930,14,20,1
斉天ノ衣・真,0,9,3,0,0,,116,130,2,1,3,-5,2,火事場力,1,渾身,1,力の解放,2,,,,,,,,,,,,,,,,,,,5940,12,16,0
バゼルＸメイル,0,9,1,1,0,,118,132,3,1,-4,-2,-2,ガード強化,2,挑戦者,2,業物,1,,,,,,,,,,,,,,,,,,,5950,12,16,0
ダマスクＸメイル,0,9,2,1,0,,114,128,-1,2,-3,1,-1,耐震,1,匠,2,貫通弾・貫通矢強化,2,,,,,,,,,,,,,,,,,,,5960,12,16,0
クシャナＸディール,0,9,2,2,0,,120,134,-1,2,-2,3,-3,回復速度,3,匠,2,装填拡張,2,,,,,,,,,,,,,,,,,,,5970,12,16,0
ミヅハ真【胸当て】,0,9,2,1,1,,120,134,-5,1,0,3,-3,心眼,1,弾導強化,1,回避性能,3,,,,,,,,,,,,,,,,,,,5980,12,16,0
カイザーＸメイル,0,9,1,1,0,,120,134,4,-4,1,-1,-3,見切り,2,達人芸,2,弾導強化,2,,,,,,,,,,,,,,,,,,,5990,12,16,0
アークメイル,1,9,2,0,0,,120,134,-2,2,-1,2,-4,狂竜症【蝕】,1,死中に活,2,会心撃【属性】,1,,,,,,,,,,,,,,,,,,,6000,12,16,0
フィリアメイル,2,9,2,0,0,,120,134,-2,2,-1,2,-4,狂竜症【蝕】,1,死中に活,2,会心撃【属性】,1,,,,,,,,,,,,,,,,,,,6010,12,16,0
メルゼメイル,0,9,2,1,0,,120,134,-2,2,2,-1,-5,血氣,1,弱点特効,1,破壊王,1,,,,,,,,,,,,,,,,,,,6020,12,16,0
プロフジャケット,1,9,1,1,0,,114,128,1,1,1,1,1,耳栓,3,腹減り耐性,1,,,,,,,,,,,,,,,,,,,,,6030,12,16,0
シャリテジャケット,2,9,1,1,0,,114,128,1,1,1,1,1,耳栓,3,腹減り耐性,1,,,,,,,,,,,,,,,,,,,,,6040,12,16,0
サージュスーツ,0,9,2,2,1,,114,128,0,0,0,0,0,属性やられ耐性,3,満足感,1,,,,,,,,,,,,,,,,,,,,,6050,12,16,0
シーカーベスト,0,9,2,2,0,,114,128,2,2,2,2,2,幸運,2,回復速度,1,,,,,,,,,,,,,,,,,,,,,6060,12,16,0
メデュレトＸベスト,0,9,2,2,0,,114,128,1,3,0,2,0,爆破属性強化,2,集中,1,ＫＯ術,1,,,,,,,,,,,,,,,,,,,6070,12,16,0
セイラースーツ,0,9,1,1,0,,114,128,0,0,0,0,0,回避性能,4,翔蟲使い,1,,,,,,,,,,,,,,,,,,,,,6080,12,16,0
ギルドパレスメイル,0,9,4,0,0,,120,130,1,2,2,1,1,挑戦者,2,火事場力,1,,,,,,,,,,,,,,,,,,,,,6090,10,12,-6
冥淵纏鎧イレバウロ,0,10,3,2,0,,126,138,0,3,-2,3,-5,弱点特効,1,逆恨み,1,連撃,1,,,,,,,,,,,,,,,,,,,6100,10,12,-6
しまきのむなさき真,0,10,2,0,0,,122,134,-1,0,0,0,-2,風紋の一致,1,ガード性能,1,ひるみ軽減,1,風雷合一,1,,,,,,,,,,,,,,,,,6110,10,12,-6
なるかみのむなさき真,0,10,2,0,0,,122,134,2,1,4,-3,-4,雷紋の一致,1,体術,1,抜刀術【技】,1,風雷合一,1,,,,,,,,,,,,,,,,,6120,10,12,-6
赫耀ノメイル・真,0,10,4,1,0,,124,136,-2,-2,-2,-2,3,龍気活性,1,死中に活,2,,,,,,,,,,,,,,,,,,,,,6130,10,12,-6
怒天ノ羽織,0,10,3,0,0,,122,134,2,1,3,-5,2,連撃,1,渾身,2,回避距離ＵＰ,1,,,,,,,,,,,,,,,,,,,6140,10,12,-6
禍鎧・怨【胸当て】,0,10,4,1,0,,124,136,3,-3,-2,1,1,業鎧【修羅】,1,翔蟲使い,2,,,,,,,,,,,,,,,,,,,,,6150,16,26,2
拠点司令【鎧】,0,10,3,3,0,,118,130,1,1,1,1,1,チャージマスター,1,抜刀術【技】,1,,,,,,,,,,,,,,,,,,,,,6160,10,12,-6
プライドメイル,0,10,3,0,0,,123,135,3,0,-2,-3,-1,根性,1,攻撃,1,早食い,2,,,,,,,,,,,,,,,,,,,6190,10,12,-6
ゴールドルナメイル,0,10,3,2,0,,120,132,3,-3,-4,-1,2,顕如盤石,2,逆襲,2,精霊の加護,3,,,,,,,,,,,,,,,,,,,6200,10,12,-6
シルバーソルメイル,0,10,4,3,1,,122,134,4,-4,-3,-2,3,弱点特効【属性】,1,会心撃【属性】,1,火属性攻撃強化,3,,,,,,,,,,,,,,,,,,,6210,10,12,-6
月光【帷子】,0,10,3,1,0,,118,130,3,3,0,-5,-2,闇討ち,1,超会心,1,挑戦者,2,,,,,,,,,,,,,,,,,,,6220,10,12,-6
